col1,col2,col3,col4,col5,col6,col7,col8,col9,col10,col11,col12,col13,col14,col15,col16,col17,col18,col19,col20,col21,col22,col23,col24,col25,col26,col27,col28,col29,col30,col31,col32,col33,col34,col35,col36,col37,col38,col39,col40,col41,col42,col43,col44,col45,col46,col47,col48,col49,col50,col51,col52,col53,col54,col55,col56,col57,col58,col59,col60,col61,col62,col63,col64,col65,col66,col67,col68,col69,col70,col71,col72,col73,col74,col75,col76,col77,col78,col79,col80,col81
515,0,4214285714,3333333333,4108108108,4634146341,3357142857,3511627907,4243902439,3404761905,3795454545,431875,3761904762,3553571429,4706521739,3655172414,4329268293,3.75,3558139535,4177777778,4054347826,2738095238,4416666667,4325,4,2380952381,2071428571,3106060606,3688888889,4676724138,6214285714,3357142857,33875,4177777778,3773809524,3955555556,4666666667,4835106383,2476190476,4142857143,4420454545,3772727273,3404761905,4209302326,4220930233,4555555556,4238095238,4261363636,4488636364,3652439024,4404761905,4311111111,36125,3604651163,356097561,3860465116,4441860465,6238095238,3852272727,4743902439,37734375,3733333333,4053571429,4581395349,4144444444,3837209302,33375,2261904762,4466666667,4535714286,3512820513,3035714286,3987179487,4182926829,3678571429,2.5,3446428571,2261904762,3806818182,3875,3464285714
547,4214285714,0,4904761905,0.892857143,2178571429,4797619048,3406976744,0.744047619,4952380952,1886363636,1291666667,5107142857,2988095238,1782608696,2869047619,1130952381,2704545455,1848837209,3811111111,4826086957,4488095238,1547619048,0.55952381,2392857143,3869047619,3916666667,2142857143,2377777778,2844827586,6345238095,4797619048,180952381,1355555556,3142857143,3644444444,1677777778,5170212766,4488095238,5321428571,0.767045455,1767857143,4952380952,0.453488372,0.215116279,2122222222,0.333333333,0.590909091,0.465909091,3779761905,1351190476,1122222222,1892857143,2093023256,1178571429,1953488372,0.325581395,6369047619,0.920454545,2321428571,1988095238,2466666667,3642857143,1453488372,1255555556,2662790698,1845238095,4476190476,0.772222222,1333333333,2892857143,4767857143,1107142857,0.892857143,205952381,4047619048,2636904762,4178571429,2147727273,1.25,1238095238
573,3333333333,4904761905,0,4837837838,487804878,1791666667,4953488372,4597560976,1875,5102272727,45875,1,3767857143,4836956522,3862068966,4597560976,4875,4953488372,5055555556,4836956522,2035714286,4678571429,4875,4181818182,2882352941,2588235294,4318181818,5022222222,5267241379,5958333333,1791666667,49625,5133333333,4678571429,4.8,4777777778,5207446809,1384615385,1625,4875,4303030303,1875,4953488372,4918604651,4.8,4916666667,4988636364,5102272727,4963414634,4785714286,4833333333,47125,4953488372,5,4860465116,5069767442,5958333333,5102272727,4914634146,4265625,5044444444,4196428571,4720930233,5077777778,4720930233,48375,2675,4888888889,4678571429,4756410256,0.75,4653846154,4597560976,4797619048,2.25,4892857143,23125,5102272727,4738636364,4988095238
638,4108108108,0.892857143,4837837838,0,2682926829,4567567568,3697674419,1097560976,4878378378,2,1.5,5040540541,2716216216,2489130435,2581081081,1573170732,3102272727,1965116279,4088888889,4989130435,4216216216,2202380952,0.55,2040540541,3513513514,3689189189,1662162162,2488888889,3120689655,6324324324,4567567568,17625,1688888889,344047619,3844444444,2.4,5276595745,4378378378,5283783784,1397727273,122972973,4878378378,1325581395,1069767442,2733333333,0.869047619,1443181818,1034090909,3975609756,1976190476,1477777778,18875,223255814,112195122,2162790698,0.906976744,6364864865,1034090909,2768292683,1310810811,2577777778,3459459459,2209302326,1644444444,2953488372,16375,4405405405,1466666667,2107142857,258974359,4648648649,1051282051,1451219512,2178571429,3918918919,2904761905,4040540541,2261363636,1852272727,1488095238
653,4634146341,2178571429,487804878,2682926829,0,5182926829,3279069767,1682926829,5158536585,3795454545,1487804878,4902439024,2743902439,1597826087,2609756098,1548780488,3778409091,3569767442,2.8,3358695652,4914634146,0.869047619,2359756098,2073170732,4634146341,4475609756,2987804878,3822222222,2875,6353658537,5182926829,3743902439,3377777778,2845238095,3555555556,1466666667,3808510638,487804878,5292682927,21875,256097561,5158536585,1976744186,2197674419,0.933333333,2202380952,2079545455,2545454545,4365853659,1273809524,2366666667,262804878,3395348837,3170731707,3372093023,2453488372,6365853659,2943181818,0.304878049,2902439024,4266666667,206097561,1255813953,2833333333,2372093023,3512195122,4048780488,2144444444,1130952381,456097561,5006097561,1756097561,1408536585,3202380952,4207317073,3404761905,437804878,4090909091,1806818182,305952381
781,3357142857,4797619048,1791666667,4567567568,5182926829,0,4965116279,4756097561,1045454545,4875,49875,1590909091,4535714286,5304347826,4603448276,4756097561,5102272727,4848837209,5511111111,5304347826,1.5,519047619,47125,4833333333,2294117647,2529411765,4424242424,5033333333,5405172414,5909090909,0,47125,4911111111,519047619,5277777778,5255555556,5563829787,1423076923,2409090909,4875,4333333333,1045454545,4965116279,4837209302,5277777778,4797619048,5,4875,4914634146,5047619048,4911111111,49875,4965116279,4756097561,4988372093,4837209302,6045454545,4875,5353658537,4265625,4911111111,4928571429,5220930233,4911111111,5220930233,47125,3.75,4911111111,519047619,4833333333,1.25,4794871795,4780487805,4964285714,3222222222,4928571429,23125,4875,5,4797619048
794,3511627907,3406976744,4953488372,3697674419,3279069767,4965116279,0,3023255814,4988372093,2113636364,3139534884,511627907,3569767442,2945652174,3511627907,3034883721,1284090909,1941860465,1044444444,1706521739,461627907,2965116279,3680232558,3279069767,4302325581,4151162791,2994186047,1666666667,3267241379,6360465116,4965116279,2127906977,2.8,0.988372093,0.866666667,2866666667,3276595745,4534883721,5348837209,3534090909,338372093,4988372093,3069767442,3302325581,3333333333,3430232558,3147727273,3625,1348837209,3139534884,3344444444,2488372093,1813953488,276744186,2348837209,3558139535,6372093023,2988636364,3430232558,3790697674,1555555556,3918604651,2697674419,3011111111,1395348837,2279069767,4145348837,3.2,2755813953,2209302326,4808139535,2953488372,2837209302,2093023256,426744186,1174418605,4151162791,1852272727,2556818182,2360465116
797,4243902439,0.744047619,4597560976,1097560976,1682926829,4756097561,3023255814,0,5036585366,2340909091,1036585366,4853658537,2475609756,1510869565,2353658537,0.670731707,30625,2313953488,3444444444,4445652174,443902439,1226190476,0.853658537,1865853659,3804878049,3963414634,2158536585,2644444444,2810344828,6341463415,4756097561,2115853659,1844444444,2.75,3288888889,1.4,4829787234,4585365854,5073170732,1426136364,1.5,5036585366,0.959302326,0.843023256,1822222222,0.892857143,1085227273,1011363636,3609756098,1297619048,1433333333,2012195122,2372093023,1487804878,2418604651,0.88372093,6341463415,1375,1768292683,1987804878,2.8,3146341463,1162790698,1544444444,2279069767,2146341463,4,0.955555556,1035714286,3195121951,4731707317,0.829268293,0.5,2202380952,3695121951,2547619048,4170731707,2602272727,1306818182,1845238095
842,3404761905,4952380952,1875,4878378378,5158536585,1045454545,4988372093,5036585366,0,5113636364,50625,1681818182,4535714286,5304347826,4603448276,5036585366,5159090909,4988372093,5.5,5304347826,2071428571,519047619,49875,4833333333,2970588235,2676470588,453030303,5055555556,5452586207,5.9,1045454545,5,5166666667,519047619,5277777778,5255555556,5542553191,1.5,1.55,5090909091,4651515152,0,4988372093,4988372093,5277777778,4952380952,5022727273,5136363636,4932926829,5113095238,5155555556,50625,4988372093,5036585366,5005813953,5104651163,5.95,5136363636,5365853659,4625,5077777778,4892857143,5220930233,5166666667,5220930233,4875,3.75,5166666667,519047619,4987179487,1395833333,4833333333,493902439,5107142857,3222222222,4952380952,24375,5136363636,5022727273,5023809524
883,3795454545,1886363636,5102272727,2,3795454545,4875,2113636364,2340909091,5113636364,0,2829545455,5272727273,3386363636,3173913043,3363636364,2806818182,1295454545,0.488636364,2455555556,347826087,4568181818,3340909091,1857954545,3272727273,4034090909,4170454545,2284090909,0.622222222,3206896552,6352272727,4875,0.738636364,1044444444,1886363636,2144444444,3077777778,4542553191,4.75,5454545455,2034090909,2636363636,5113636364,2113636364,1909090909,3655555556,1840909091,2068181818,1602272727,2431818182,3073863636,1711111111,2375,0.568181818,0.954545455,1409090909,1659090909,6375,0.965909091,3965909091,2630681818,0.733333333,4022727273,3045454545,1.4,1772727273,0.761363636,4539772727,2166666667,3068181818,1340909091,4931818182,2545454545,2579545455,0.948863636,4363636364,1659090909,4420454545,0.295454545,2477272727,0.897727273
914,431875,1291666667,45875,1.5,1487804878,49875,3139534884,1036585366,50625,2829545455,0,48875,2.15,1184782609,2,0.902439024,28125,2505813953,3022222222,4010869565,4.55,0.845238095,10875,1.4,41375,405625,1975,2855555556,2534482759,63625,49875,256875,2388888889,2297619048,2777777778,1066666667,4329787234,46125,50375,1204545455,16375,50625,1203488372,1348837209,1466666667,1232142857,1323863636,1613636364,3292682927,0.68452381,1466666667,1325,2552325581,2036585366,2406976744,1.5,63375,1886363636,1426829268,1725,3277777778,2.85,0.813953488,2177777778,1837209302,2275,391875,1233333333,0.678571429,320625,464375,0.51875,0.93902439,1976190476,36625,2327380952,426875,3113636364,1193181818,2178571429
930,3761904762,5107142857,1,5040540541,4902439024,1590909091,511627907,4853658537,1681818182,5272727273,48875,0,4196428571,5097826087,4275862069,4853658537,5113636364,5162790698,5122222222,5097826087,2642857143,4869047619,51125,4545454545,3323529412,3117647059,4621212121,5222222222,5396551724,5909090909,1590909091,5.15,5.3,4964285714,5066666667,5044444444,5191489362,2076923077,1545454545,5113636364,4545454545,1681818182,5162790698,511627907,5066666667,5130952381,5193181818,5272727273,512195122,5,5044444444,4975,5162790698,5182926829,5069767442,5244186047,5909090909,5272727273,4987804878,459375,5211111111,4303571429,5,5244444444,5,50625,3225,5.1,4964285714,5025641026,1583333333,491025641,4853658537,5047619048,2916666667,5107142857,284375,5272727273,4988636364,5178571429
937,3553571429,2988095238,3767857143,2716216216,2743902439,4535714286,3569767442,2475609756,4535714286,3386363636,2.15,4196428571,0,2543478261,0.224137931,2207317073,3375,3174418605,3433333333,4065217391,3892857143,2166666667,29125,0.984848485,3482142857,3.25,1727272727,3.4,3629310345,6321428571,4535714286,3275,3533333333,2642857143,3255555556,2455555556,4579787234,3982142857,4410714286,2818181818,1727272727,4535714286,2918604651,2988372093,2655555556,3011904762,3,3318181818,4170731707,2547619048,3033333333,2.3,3023255814,3085365854,3465116279,3244186047,6267857143,3318181818,2743902439,1625,3844444444,1,226744186,3333333333,226744186,29625,2669642857,2.9,2166666667,3743589744,4017857143,2256410256,2195121951,2630952381,2535714286,3261904762,3392857143,3681818182,2545454545,3119047619
984,4706521739,1782608696,4836956522,2489130435,1597826087,5304347826,2945652174,1510869565,5304347826,3173913043,1184782609,5097826087,2543478261,0,2402173913,1239130435,2989130435,302173913,2576086957,347826087,4913043478,0.847826087,2076086957,1836956522,4663043478,452173913,2847826087,3097826087,2431034483,6391304348,5304347826,3369565217,2489130435,2217391304,2554347826,0.163043478,3957446809,4967391304,522826087,1239130435,2532608696,5304347826,1380434783,1597826087,0.72826087,1804347826,1260869565,172826087,3869565217,1173913043,152173913,2260869565,2923913043,2836956522,2858695652,1836956522,6358695652,2336956522,1630434783,2684782609,3532608696,3152173913,0.423913043,2173913043,1641304348,3163043478,4168478261,1141304348,0.565217391,3923913043,4989130435,1619565217,1206521739,2663043478,4086956522,2934782609,4608695652,3456521739,1152173913,2663043478
1006,3655172414,2869047619,3862068966,2581081081,2609756098,4603448276,3511627907,2353658537,4603448276,3363636364,2,4275862069,0.224137931,2402173913,0,2073170732,3340909091,3104651163,3377777778,4032608696,3982758621,2011904762,27875,0.787878788,3586206897,3362068966,1590909091,3377777778,3534482759,6327586207,4603448276,32375,3466666667,2583333333,3.2,2311111111,4542553191,4068965517,4482758621,2704545455,1575757576,4603448276,2790697674,2872093023,2533333333,2892857143,2875,3204545455,412195122,2410714286,2922222222,2.15,3,2963414634,3395348837,3127906977,6275862069,3204545455,2609756098,146875,3822222222,1189655172,211627907,3222222222,211627907,29375,2801724138,2788888889,2011904762,3717948718,4103448276,2115384615,206097561,2607142857,2672413793,3214285714,3.5,3659090909,2420454545,3
1020,4329268293,1130952381,4597560976,1573170732,1548780488,4756097561,3034883721,0.670731707,5036585366,2806818182,0.902439024,4853658537,2207317073,1239130435,2073170732,0,3159090909,2744186047,3011111111,4173913043,4353658537,1,1231707317,1573170732,3987804878,4109756098,2219512195,3077777778,2728448276,6341463415,4756097561,2634146341,2366666667,2452380952,3188888889,1122222222,4329787234,4640243902,5073170732,1397727273,1603658537,5036585366,1244186047,1174418605,1611111111,1333333333,1363636364,1545454545,3634146341,1077380952,1911111111,1951219512,2709302326,206097561,2779069767,1430232558,6341463415,1909090909,1365853659,2256097561,3344444444,262195122,0.872093023,2044444444,1988372093,2597560976,387804878,1166666667,0.738095238,3329268293,4756097561,0.914634146,0.420731707,2523809524,3792682927,2654761905,4182926829,3102272727,1090909091,2023809524
1025,3.75,2704545455,4875,3102272727,3778409091,5102272727,1284090909,30625,5159090909,1295454545,28125,5113636364,3375,2989130435,3340909091,3159090909,0,1380681818,1533333333,2336956522,4727272727,3181818182,2869318182,3204545455,4375,4301136364,2767045455,0.994444444,3112068966,6363636364,5102272727,1545454545,1955555556,1215909091,1055555556,2911111111,3734042553,4795454545,5272727273,2403409091,3295454545,5159090909,2454545455,2636363636,3466666667,2801136364,2397727273,2784090909,16875,3034090909,2366666667,1761363636,1244318182,2147727273,15625,2829545455,6363636364,2238636364,3840909091,2965909091,0.833333333,4011363636,2863636364,2377777778,1636363636,1761363636,4147727273,2966666667,2897727273,16875,4778409091,2948863636,3017045455,1267045455,4068181818,1.5,4471590909,1034090909,2318181818,1846590909
1052,3558139535,1848837209,4953488372,1965116279,3569767442,4848837209,1941860465,2313953488,4988372093,0.488636364,2505813953,5162790698,3174418605,302173913,3104651163,2744186047,1380681818,0,2411111111,347826087,4476744186,3011627907,1843023256,3011627907,4,3930232558,1953488372,0.611111111,3168103448,6348837209,4848837209,0.76744186,1122222222,176744186,2166666667,2944444444,4420212766,4534883721,5348837209,1988636364,2651162791,4988372093,1755813953,1872093023,3411111111,1523255814,1863636364,1727272727,2343023256,2819767442,1738888889,2343023256,0.453488372,0.895348837,1081395349,161627907,6372093023,1090909091,3651162791,236627907,0.988888889,3802325581,2779069767,1377777778,1476744186,0.534883721,4337209302,2277777778,2802325581,1372093023,4808139535,2203488372,2523255814,0.691860465,4104651163,1209302326,4255813953,0.681818182,2409090909,0.918604651
1109,4177777778,3811111111,5055555556,4088888889,2.8,5511111111,1044444444,3444444444,5.5,2455555556,3022222222,5122222222,3433333333,2576086957,3377777778,3011111111,1533333333,2411111111,0,172826087,5.1,2855555556,3988888889,3155555556,4933333333,4788888889,3388888889,1866666667,3129310345,6.4,5511111111,2588888889,3022222222,0.966666667,1044444444,2488888889,279787234,5155555556,5.4,3511111111,3788888889,5.5,3488888889,3711111111,2866666667,3833333333,3455555556,3933333333,2277777778,2633333333,3344444444,2722222222,2288888889,3.2,2888888889,3955555556,6377777778,3311111111,2588888889,3844444444,1955555556,3055555556,2.6,3233333333,1355555556,2733333333,4177777778,3422222222,2655555556,2733333333,5222222222,3377777778,3211111111,2222222222,4366666667,1988888889,4788888889,2.2,2722222222,2811111111
1110,4054347826,4826086957,4836956522,4989130435,3358695652,5304347826,1706521739,4445652174,5304347826,347826087,4010869565,5097826087,4065217391,347826087,4032608696,4173913043,2336956522,347826087,172826087,0,4913043478,3413043478,4902173913,3902173913,4989130435,4847826087,4217391304,2989130435,3172413793,6391304348,5304347826,3586956522,4119565217,1956521739,1402173913,3532608696,2271276596,4967391304,522826087,4.5,4554347826,5304347826,4532608696,4.75,3010869565,4847826087,452173913,4989130435,1913043478,4027173913,4369565217,352173913,3.25,4206521739,3402173913,4989130435,6358695652,4380434783,3434782609,4641304348,2902173913,4065217391,3576086957,4108695652,2358695652,372826087,4081521739,4510869565,3608695652,2989130435,4989130435,4336956522,4141304348,327173913,452173913,2.5,4739130435,3239130435,3717391304,3793478261
1149,2738095238,4488095238,2035714286,4216216216,4914634146,1.5,461627907,443902439,2071428571,4568181818,4.55,2642857143,3892857143,4913043478,3982758621,4353658537,4727272727,4476744186,5.1,4913043478,0,4761904762,43375,4287878788,1529411765,1529411765,3909090909,4655555556,5112068966,6035714286,1.5,43875,4622222222,4761904762,4877777778,4877777778,5382978723,0.892857143,3071428571,4545454545,3954545455,2071428571,4569767442,4534883721,4877777778,4428571429,4613636364,4579545455,4768292683,4601190476,4566666667,4575,4569767442,443902439,463372093,4534883721,6107142857,4579545455,4902439024,38125,4622222222,4.25,4802325581,4622222222,4802325581,4325,2825,4622222222,4761904762,4384615385,1535714286,4358974359,4432926829,4571428571,2222222222,4523809524,1.5,4590909091,4568181818,4488095238
1151,4416666667,1547619048,4678571429,2202380952,0.869047619,519047619,2965116279,1226190476,519047619,3340909091,0.845238095,4869047619,2166666667,0.847826087,2011904762,1,3181818182,3011627907,2855555556,3413043478,4761904762,0,1880952381,1464285714,444047619,4285714286,2.5,3288888889,2543103448,6380952381,519047619,3238095238,2.8,2119047619,2888888889,0.722222222,4010638298,4773809524,5107142857,1511363636,2214285714,519047619,1360465116,1581395349,0.677777778,1571428571,1477272727,1943181818,3880952381,0.880952381,1877777778,2095238095,2976744186,2678571429,2906976744,1837209302,6345238095,2397727273,0.857142857,2297619048,3733333333,2571428571,0.453488372,2255555556,1662790698,3011904762,3827380952,1555555556,0.30952381,3892857143,4845238095,1297619048,0.964285714,2511904762,380952381,280952381,4357142857,3625,1272727273,2571428571
1286,4325,0.55952381,4875,0.55,2359756098,47125,3680232558,0.853658537,49875,1857954545,10875,51125,29125,2076086957,27875,1231707317,2869318182,1843023256,3988888889,4902173913,43375,1880952381,0,22875,37875,39375,20625,2372222222,2840517241,63375,47125,1.75,1511111111,3273809524,3688888889,1955555556,5212765957,4575,52875,0.926136364,1625,49875,0.924418605,0.744186047,2433333333,0.458333333,1051136364,0.670454545,3817073171,1625,1.2,159375,2029069767,1073170732,1872093023,0.534883721,6.35,0.988636364,243902439,166875,2533333333,36125,176744186,1466666667,2790697674,150625,4475,1.2,1654761905,24625,470625,0.9625,1048780488,1970238095,4075,2851190476,42125,2125,1505681818,1410714286
1334,4,2392857143,4181818182,2040540541,2073170732,4833333333,3279069767,1865853659,4833333333,3272727273,1.4,4545454545,0.984848485,1836956522,0.787878788,1573170732,3204545455,3011627907,3155555556,3902173913,4287878788,1464285714,22875,0,3939393939,3742424242,1409090909,3288888889,3155172414,6348484848,4833333333,30875,3.2,2345238095,3,1733333333,4393617021,4363636364,4727272727,2.25,0.96969697,4833333333,2279069767,2406976744,2044444444,2416666667,2375,2.75,3926829268,1863095238,2477777778,1.8,2906976744,2585365854,311627907,2662790698,6303030303,2.75,2073170732,1181818182,3733333333,1833333333,1511627907,2877777778,188372093,28375,3.25,2344444444,1392857143,3615384615,4393939394,1551282051,1536585366,2511904762,3136363636,3023809524,3863636364,3568181818,1920454545,2642857143
1365,2380952381,3869047619,2882352941,3513513514,4634146341,2294117647,4302325581,3804878049,2970588235,4034090909,41375,3323529412,3482142857,4663043478,3586206897,3987804878,4375,4,4933333333,4989130435,1529411765,444047619,37875,3939393939,0,0.382352941,3318181818,4222222222,4853448276,6117647059,2294117647,37375,4044444444,4488095238,4622222222,4622222222,5489361702,1882352941,3852941176,4034090909,3272727273,2970588235,411627907,3930232558,4577777778,3869047619,4170454545,3988636364,4707317073,4238095238,4088888889,41875,4162790698,3804878049,4255813953,3930232558,6205882353,3988636364,4719512195,3078125,4077777778,4053571429,4534883721,4044444444,4534883721,37625,2625,4044444444,4488095238,4128205128,2470588235,3871794872,393902439,4154761905,1472222222,4142857143,1147058824,4034090909,4215909091,3916666667
1483,2071428571,3916666667,2588235294,3689189189,4475609756,2529411765,4151162791,3963414634,2676470588,4170454545,405625,3117647059,3.25,452173913,3362068966,4109756098,4301136364,3930232558,4788888889,4847826087,1529411765,4285714286,39375,3742424242,0.382352941,0,3181818182,4077777778,4780172414,6117647059,2529411765,3.9,4188888889,4333333333,4477777778,4477777778,5367021277,1529411765,3588235294,4181818182,346969697,2676470588,3965116279,3965116279,4433333333,3869047619,4022727273,4136363636,4567073171,4154761905,4233333333,410625,4011627907,3963414634,4151162791,4081395349,6176470588,4136363636,456097561,32578125,4166666667,3821428571,438372093,4188888889,438372093,3.75,2.3,4188888889,4333333333,4141025641,2220588235,3705128205,3987804878,4095238095,1111111111,3988095238,0.882352941,4181818182,4068181818,405952381
1539,3106060606,2142857143,4318181818,1662162162,2987804878,4424242424,2994186047,2158536585,453030303,2284090909,1975,4621212121,1727272727,2847826087,1590909091,2219512195,2767045455,1953488372,3388888889,4217391304,3909090909,2.5,20625,1409090909,3318181818,3181818182,0,2411111111,3314655172,6303030303,4424242424,1.95,2522222222,269047619,3166666667,2766666667,4760638298,3954545455,4863636364,2426136364,1106060606,453030303,2151162791,2209302326,3011111111,2095238095,2.25,2431818182,3286585366,244047619,2322222222,224375,2168604651,1743902439,2534883721,2337209302,6318181818,2068181818,3097560976,1128787879,2827777778,2560606061,2593023256,2377777778,2220930233,168125,3431818182,2366666667,2.5,2788461538,4.25,1608974359,2170731707,1970238095,3318181818,2285714286,3545454545,2568181818,2340909091,1827380952
1565,3688888889,2377777778,5022222222,2488888889,3822222222,5033333333,1666666667,2644444444,5055555556,0.622222222,2855555556,5222222222,3.4,3097826087,3377777778,3077777778,0.994444444,0.611111111,1866666667,2989130435,4655555556,3288888889,2372222222,3288888889,4222222222,4077777778,2411111111,0,3206896552,6366666667,5033333333,1088888889,1155555556,1577777778,1622222222,3022222222,4244680851,4622222222,5.4,2377777778,2988888889,5055555556,2088888889,2355555556,3533333333,2066666667,2044444444,2.1,2094444444,3.15,1922222222,2183333333,0.577777778,1466666667,1466666667,2155555556,6377777778,1477777778,3.9,2855555556,0.444444444,4,3066666667,1.7,1822222222,1033333333,4427777778,2.5,3088888889,1533333333,4883333333,2566666667,2822222222,1094444444,4188888889,1527777778,4344444444,0.411111111,2155555556,1488888889
1587,4676724138,2844827586,5267241379,3120689655,2875,5405172414,3267241379,2810344828,5452586207,3206896552,2534482759,5396551724,3629310345,2431034483,3534482759,2728448276,3112068966,3168103448,3129310345,3172413793,5112068966,2543103448,2840517241,3155172414,4853448276,4780172414,3314655172,3206896552,0,6387931034,5405172414,3448275862,3120689655,2982758621,325862069,2461206897,3034482759,5176724138,5568965517,2568965517,324137931,5452586207,2706896552,2814655172,2448275862,2857758621,2698275862,2913793103,3913793103,2728448276,2525862069,3073275862,3181034483,3086206897,3271551724,2913793103,6396551724,2810344828,2974137931,3189655172,3474137931,3879310345,250862069,2698275862,2689655172,3318965517,4413793103,2659482759,2534482759,3922413793,5163793103,2689655172,2646551724,2905172414,4629310345,3232758621,4827586207,3396551724,2775862069,2948275862
1590,6214285714,6345238095,5958333333,6324324324,6353658537,5909090909,6360465116,6341463415,5.9,6352272727,63625,5909090909,6321428571,6391304348,6327586207,6341463415,6363636364,6348837209,6.4,6391304348,6035714286,6380952381,63375,6348484848,6117647059,6117647059,6303030303,6366666667,6387931034,0,5909090909,63375,6355555556,6380952381,6388888889,6366666667,6414893617,6038461538,5944444444,6352272727,6303030303,5.9,6360465116,6348837209,6388888889,6345238095,6363636364,6352272727,6353658537,6357142857,6355555556,63625,6360465116,6341463415,6360465116,6348837209,1.5,6352272727,6341463415,6296875,6355555556,6357142857,638372093,6355555556,638372093,63375,6.25,6355555556,6380952381,6333333333,6,6333333333,6341463415,6345238095,6166666667,6357142857,609375,6352272727,6363636364,6345238095
1623,3357142857,4797619048,1791666667,4567567568,5182926829,0,4965116279,4756097561,1045454545,4875,49875,1590909091,4535714286,5304347826,4603448276,4756097561,5102272727,4848837209,5511111111,5304347826,1.5,519047619,47125,4833333333,2294117647,2529411765,4424242424,5033333333,5405172414,5909090909,0,47125,4911111111,519047619,5277777778,5255555556,5563829787,1423076923,2409090909,4875,4333333333,1045454545,4965116279,4837209302,5277777778,4797619048,5,4875,4914634146,5047619048,4911111111,49875,4965116279,4756097561,4988372093,4837209302,6045454545,4875,5353658537,4265625,4911111111,4928571429,5220930233,4911111111,5220930233,47125,3.75,4911111111,519047619,4833333333,1.25,4794871795,4780487805,4964285714,3222222222,4928571429,23125,4875,5,4797619048
1627,33875,180952381,49625,17625,3743902439,47125,2127906977,2115853659,5,0.738636364,256875,5.15,3275,3369565217,32375,2634146341,1545454545,0.76744186,2588888889,3586956522,43875,3238095238,1.75,30875,37375,3.9,1.95,1088888889,3448275862,63375,47125,0,1488888889,1833333333,2388888889,3.3,4590425532,45375,5375,2420454545,2425,5,2197674419,1941860465,3.7,1976190476,2295454545,2056818182,2347560976,3029761905,2111111111,22375,0.88372093,0.853658537,176744186,1953488372,6375,1420454545,3829268293,24125,1177777778,3.95,3151162791,1533333333,1848837209,0.4625,43125,2383333333,3071428571,11625,47875,225625,243902439,1011904762,41125,1505952381,4225,0.829545455,2318181818,0.94047619
1633,4177777778,1355555556,5133333333,1688888889,3377777778,4911111111,2.8,1844444444,5166666667,1044444444,2388888889,5.3,3533333333,2489130435,3466666667,2366666667,1955555556,1122222222,3022222222,4119565217,4622222222,2.8,1511111111,3.2,4044444444,4188888889,2522222222,1155555556,3120689655,6355555556,4911111111,1488888889,0,2677777778,2777777778,2.4,4425531915,4755555556,5.5,1.5,2566666667,5166666667,1555555556,1333333333,2911111111,1333333333,1466666667,0.988888889,3155555556,2533333333,1011111111,2255555556,1466666667,1288888889,1011111111,1088888889,6388888889,0.988888889,3455555556,2544444444,1244444444,4133333333,2533333333,0.544444444,2533333333,1522222222,4.6,1377777778,2.6,2.1,4977777778,2155555556,2166666667,1.7,4377777778,2088888889,4477777778,1033333333,1933333333,1466666667
1696,3773809524,3142857143,4678571429,344047619,2845238095,519047619,0.988372093,2.75,519047619,1886363636,2297619048,4964285714,2642857143,2217391304,2583333333,2452380952,1215909091,176744186,0.966666667,1956521739,4761904762,2119047619,3273809524,2345238095,4488095238,4333333333,269047619,1577777778,2982758621,6380952381,519047619,1833333333,2677777778,0,0.911111111,2122222222,3276595745,4821428571,5107142857,2954545455,3107142857,519047619,2895348837,3127906977,2633333333,3166666667,2977272727,3454545455,180952381,2476190476,2.9,1952380952,1593023256,2488095238,2302325581,338372093,6345238095,2818181818,2880952381,3178571429,1844444444,330952381,1918604651,2844444444,0.61627907,1988095238,3755952381,3033333333,180952381,205952381,4845238095,2678571429,2416666667,144047619,3857142857,1261904762,4428571429,1727272727,2159090909,2011904762
1699,3955555556,3644444444,4.8,3844444444,3555555556,5277777778,0.866666667,3288888889,5277777778,2144444444,2777777778,5066666667,3255555556,2554347826,3.2,3188888889,1055555556,2166666667,1044444444,1402173913,4877777778,2888888889,3688888889,3,4622222222,4477777778,3166666667,1622222222,325862069,6388888889,5277777778,2388888889,2777777778,0.911111111,0,2488888889,3,4933333333,5.2,3211111111,3533333333,5277777778,3322222222,3533333333,3066666667,3588888889,3288888889,3688888889,1344444444,2944444444,3033333333,2277777778,2,2955555556,2266666667,3711111111,6355555556,3066666667,3566666667,3611111111,1533333333,3877777778,2555555556,3.1,1311111111,2488888889,3938888889,3177777778,2.6,2.2,4955555556,3133333333,3155555556,1977777778,4033333333,1455555556,4566666667,1.9,2688888889,2644444444
1707,4666666667,1677777778,4777777778,2.4,1466666667,5255555556,2866666667,1.4,5255555556,3077777778,1066666667,5044444444,2455555556,0.163043478,2311111111,1122222222,2911111111,2944444444,2488888889,3532608696,4877777778,0.722222222,1955555556,1733333333,4622222222,4477777778,2766666667,3022222222,2461206897,6366666667,5255555556,3.3,2.4,2122222222,2488888889,0,4010638298,4933333333,5.2,1122222222,2422222222,5255555556,1266666667,1488888889,0.6,1.7,1144444444,1622222222,3811111111,1055555556,1388888889,2166666667,2822222222,2755555556,2755555556,1733333333,6355555556,2244444444,1522222222,2.6,3466666667,3077777778,0.288888889,2077777778,1533333333,3088888889,4116666667,1022222222,0.433333333,3866666667,4955555556,1511111111,1088888889,2577777778,4033333333,2855555556,4544444444,3366666667,1033333333,2555555556
1713,4835106383,5170212766,5207446809,5276595745,3808510638,5563829787,3276595745,4829787234,5542553191,4542553191,4329787234,5191489362,4579787234,3957446809,4542553191,4329787234,3734042553,4420212766,279787234,2271276596,5382978723,4010638298,5212765957,4393617021,5489361702,5367021277,4760638298,4244680851,3034482759,6414893617,5563829787,4590425532,4425531915,3276595745,3,4010638298,0,5414893617,5446808511,4829787234,4946808511,5542553191,4968085106,5117021277,3728723404,5154255319,4957446809,5276595745,3.25,3994680851,470212766,4244680851,4356382979,4893617021,3936170213,5276595745,6382978723,4978723404,3691489362,4989361702,4255319149,414893617,4053191489,4478723404,3457446809,4606382979,4425531915,4808510638,4085106383,3984042553,5356382979,4659574468,460106383,4191489362,5058510638,345212766,5276595745,4436170213,4361702128,4632978723
1763,2476190476,4488095238,1384615385,4378378378,487804878,1423076923,4534883721,4585365854,1.5,4.75,46125,2076923077,3982142857,4967391304,4068965517,4640243902,4795454545,4534883721,5155555556,4967391304,0.892857143,4773809524,4575,4363636364,1882352941,1529411765,3954545455,4622222222,5176724138,6038461538,1423076923,45375,4755555556,4821428571,4933333333,4933333333,5414893617,0,2692307692,4715909091,4151515152,1.5,4534883721,4534883721,4888888889,4488095238,4579545455,4715909091,4719512195,468452381,4.8,46625,4581395349,4585365854,4651162791,4674418605,6076923077,4715909091,4987804878,4046875,4666666667,4410714286,4860465116,4755555556,4860465116,43875,2975,4755555556,4821428571,458974359,0.903846154,4333333333,4536585366,4678571429,2.25,4488095238,140625,4761363636,4625,4630952381
1875,4142857143,5321428571,1625,5283783784,5292682927,2409090909,5348837209,5073170732,1.55,5454545455,50375,1545454545,4410714286,522826087,4482758621,5073170732,5272727273,5348837209,5.4,522826087,3071428571,5107142857,52875,4727272727,3852941176,3588235294,4863636364,5.4,5568965517,5944444444,2409090909,5375,5.5,5107142857,5.2,5.2,5446808511,2692307692,0,5272727273,4863636364,1.55,5348837209,5325581395,5.2,5321428571,5375,5477272727,5268292683,5214285714,5244444444,5.15,5348837209,5402439024,5255813953,5453488372,5777777778,5477272727,5292682927,48125,5411111111,4732142857,5139534884,5444444444,5139534884,52625,3575,5.3,5107142857,5102564103,2083333333,5115384615,5073170732,5214285714,3.25,5297619048,340625,5477272727,5170454545,5380952381
1886,4420454545,0.767045455,4875,1397727273,21875,4875,3534090909,1426136364,5090909091,2034090909,1204545455,5113636364,2818181818,1239130435,2704545455,1397727273,2403409091,1988636364,3511111111,4.5,4545454545,1511363636,0.926136364,2.25,4034090909,4181818182,2426136364,2377777778,2568965517,6352272727,4875,2420454545,1.5,2954545455,3211111111,1122222222,4829787234,4715909091,5272727273,0,2022727273,5090909091,0.727272727,0.698863636,1677777778,0.698863636,0.596590909,0.522727273,3795454545,1261363636,0.883333333,1636363636,2130681818,1715909091,1789772727,0.647727273,6363636364,1159090909,2272727273,1863636364,2683333333,3454545455,1113636364,1444444444,2386363636,2136363636,4284090909,0.833333333,1227272727,3005681818,4738636364,1426136364,1295454545,1931818182,4034090909,2857954545,4318181818,2318181818,1102272727,1721590909
2109,3772727273,1767857143,4303030303,122972973,256097561,4333333333,338372093,1.5,4651515152,2636363636,16375,4545454545,1727272727,2532608696,1575757576,1603658537,3295454545,2651162791,3788888889,4554347826,3954545455,2214285714,1625,0.96969697,3272727273,346969697,1106060606,2988888889,324137931,6303030303,4333333333,2425,2566666667,3107142857,3533333333,2422222222,4946808511,4151515152,4863636364,2022727273,0,4651515152,2,1802325581,2744444444,1916666667,2102272727,2068181818,3707317073,2071428571,2266666667,18125,2610465116,1890243902,2930232558,1965116279,6318181818,2068181818,2780487805,1151515152,3127777778,2515151515,2255813953,2355555556,2627906977,2425,3560606061,1788888889,2154761905,3333333333,4.25,1256410256,1548780488,2511904762,3318181818,2714285714,3575757576,2886363636,2017045455,2017857143
2147,3404761905,4952380952,1875,4878378378,5158536585,1045454545,4988372093,5036585366,0,5113636364,50625,1681818182,4535714286,5304347826,4603448276,5036585366,5159090909,4988372093,5.5,5304347826,2071428571,519047619,49875,4833333333,2970588235,2676470588,453030303,5055555556,5452586207,5.9,1045454545,5,5166666667,519047619,5277777778,5255555556,5542553191,1.5,1.55,5090909091,4651515152,0,4988372093,4988372093,5277777778,4952380952,5022727273,5136363636,4932926829,5113095238,5155555556,50625,4988372093,5036585366,5005813953,5104651163,5.95,5136363636,5365853659,4625,5077777778,4892857143,5220930233,5166666667,5220930233,4875,3.75,5166666667,519047619,4987179487,1395833333,4833333333,493902439,5107142857,3222222222,4952380952,24375,5136363636,5022727273,5023809524
2189,4209302326,0.453488372,4953488372,1325581395,1976744186,4965116279,3069767442,0.959302326,4988372093,2113636364,1203488372,5162790698,2918604651,1380434783,2790697674,1244186047,2454545455,1755813953,3488888889,4532608696,4569767442,1360465116,0.924418605,2279069767,411627907,3965116279,2151162791,2088888889,2706896552,6360465116,4965116279,2197674419,1555555556,2895348837,3322222222,1266666667,4968085106,4534883721,5348837209,0.727272727,2,4988372093,0,0.290697674,1733333333,0.476744186,0.147727273,0.625,363372093,1313953488,1077777778,1936046512,176744186,1604651163,188372093,0.488372093,6372093023,1170454545,2127906977,211627907,2533333333,3569767442,1023255814,1455555556,2325581395,1976744186,4470930233,0.866666667,1127906977,311627907,4808139535,101744186,0.947674419,2063953488,4081395349,2.5,4244186047,2397727273,0.897727273,1604651163
2191,4220930233,0.215116279,4918604651,1069767442,2197674419,4837209302,3302325581,0.843023256,4988372093,1909090909,1348837209,511627907,2988372093,1597826087,2872093023,1174418605,2636363636,1872093023,3711111111,4.75,4534883721,1581395349,0.744186047,2406976744,3930232558,3965116279,2209302326,2355555556,2814655172,6348837209,4837209302,1941860465,1333333333,3127906977,3533333333,1488888889,5117021277,4534883721,5325581395,0.698863636,1802325581,4988372093,0.290697674,0,1955555556,0.534883721,0.431818182,0.397727273,3779069767,1406976744,1.1,2011627907,2046511628,1348837209,1976744186,0.255813953,6360465116,0.943181818,2360465116,2139534884,2488888889,3627906977,1255813953,1211111111,2558139535,2,4447674419,0.588888889,1360465116,3023255814,4808139535,1180232558,0.941860465,2203488372,4058139535,2662790698,4209302326,2170454545,1125,1406976744
2264,4555555556,2122222222,4.8,2733333333,0.933333333,5277777778,3333333333,1822222222,5277777778,3655555556,1466666667,5066666667,2655555556,0.72826087,2533333333,1611111111,3466666667,3411111111,2866666667,3010869565,4877777778,0.677777778,2433333333,2044444444,4577777778,4433333333,3011111111,3533333333,2448275862,6388888889,5277777778,3.7,2911111111,2633333333,3066666667,0.6,3728723404,4888888889,5.2,1677777778,2744444444,5277777778,1733333333,1955555556,0,2144444444,1633333333,2111111111,4.3,1455555556,1988888889,2633333333,3333333333,3177777778,3311111111,2.2,6355555556,2733333333,0.966666667,2822222222,3977777778,2522222222,0.822222222,2366666667,2066666667,3488888889,4005555556,1533333333,0.944444444,4311111111,4955555556,1888888889,1577777778,3022222222,3988888889,3.3,4.5,3933333333,1588888889,3077777778
2294,4238095238,0.333333333,4916666667,0.869047619,2202380952,4797619048,3430232558,0.892857143,4952380952,1840909091,1232142857,5130952381,3011904762,1804347826,2892857143,1333333333,2801136364,1523255814,3833333333,4847826087,4428571429,1571428571,0.458333333,2416666667,3869047619,3869047619,2095238095,2066666667,2857758621,6345238095,4797619048,1976190476,1333333333,3166666667,3588888889,1.7,5154255319,4488095238,5321428571,0.698863636,1916666667,4952380952,0.476744186,0.534883721,2144444444,0,0.613636364,0.443181818,3732142857,1363095238,0.972222222,1827380952,1790697674,1154761905,1674418605,0.302325581,6369047619,0.897727273,2321428571,1851190476,2444444444,3666666667,1476744186,1311111111,2686046512,1547619048,4.5,1,1357142857,2726190476,4767857143,1023809524,1148809524,1803571429,4071428571,2571428571,4226190476,2125,1272727273,1476190476
2362,4261363636,0.590909091,4988636364,1443181818,2079545455,5,3147727273,1085227273,5022727273,2068181818,1323863636,5193181818,3,1260869565,2875,1363636364,2397727273,1863636364,3455555556,452173913,4613636364,1477272727,1051136364,2375,4170454545,4022727273,2.25,2044444444,2698275862,6363636364,5,2295454545,1466666667,2977272727,3288888889,1144444444,4957446809,4579545455,5375,0.596590909,2102272727,5022727273,0.147727273,0.431818182,1633333333,0.613636364,0,0.488636364,3698863636,1431818182,0.988888889,2039772727,1829545455,1715909091,1943181818,0.625,6375,1125,2227272727,2215909091,2488888889,3636363636,1125,1366666667,2397727273,2079545455,4517045455,0.738888889,1.25,3193181818,4846590909,1142045455,1073863636,2164772727,4136363636,2590909091,4295454545,2352272727,0.840909091,1715909091
2443,4488636364,0.465909091,5102272727,1034090909,2545454545,4875,3625,1011363636,5136363636,1602272727,1613636364,5272727273,3318181818,172826087,3204545455,1545454545,2784090909,1727272727,3933333333,4989130435,4579545455,1943181818,0.670454545,2.75,3988636364,4136363636,2431818182,2.1,2913793103,6352272727,4875,2056818182,0.988888889,3454545455,3688888889,1622222222,5276595745,4715909091,5477272727,0.522727273,2068181818,5136363636,0.625,0.397727273,2111111111,0.443181818,0.488636364,0,3988636364,1670454545,0.755555556,2113636364,1954545455,1261363636,1795454545,0.147727273,6386363636,0.636363636,2659090909,2136363636,2188888889,3943181818,1613636364,0.988888889,2886363636,1909090909,4738636364,0.611111111,1727272727,2909090909,4943181818,1420454545,1318181818,2090909091,4329545455,2897727273,4431818182,1863636364,1329545455,1534090909
2659,3652439024,3779761905,4963414634,3975609756,4365853659,4914634146,1348837209,3609756098,4932926829,2431818182,3292682927,512195122,4170731707,3869565217,412195122,3634146341,16875,2343023256,2277777778,1913043478,4768292683,3880952381,3817073171,3926829268,4707317073,4567073171,3286585366,2094444444,3913793103,6353658537,4914634146,2347560976,3155555556,180952381,1344444444,3811111111,3.25,4719512195,5268292683,3795454545,3707317073,4932926829,363372093,3779069767,4.3,3732142857,3698863636,3988636364,0,368452381,3627777778,2493902439,2238372093,2951219512,2494186047,3930232558,6353658537,3352272727,4548780488,4054878049,1944444444,4853658537,3686046512,3444444444,238372093,2463414634,4524390244,3555555556,3619047619,1798780488,4786585366,3195121951,3457317073,2285714286,4719512195,1160714286,4634146341,2170454545,3267045455,2720238095
2668,4404761905,1351190476,4785714286,1976190476,1273809524,5047619048,3139534884,1297619048,5113095238,3073863636,0.68452381,5,2547619048,1173913043,2410714286,1077380952,3034090909,2819767442,2633333333,4027173913,4601190476,0.880952381,1625,1863095238,4238095238,4154761905,244047619,3.15,2728448276,6357142857,5047619048,3029761905,2533333333,2476190476,2944444444,1055555556,3994680851,468452381,5214285714,1261363636,2071428571,5113095238,1313953488,1406976744,1455555556,1363095238,1431818182,1670454545,368452381,0,1638888889,1851190476,2860465116,2404761905,2674418605,1558139535,6357142857,2125,1095238095,2160714286,3505555556,269047619,0.802325581,2322222222,2011627907,2821428571,4089285714,1316666667,0.666666667,3672619048,4732142857,1160714286,1.25,2255952381,394047619,2630952381,4357142857,3352272727,1482954545,243452381
2705,4311111111,1122222222,4833333333,1477777778,2366666667,4911111111,3344444444,1433333333,5155555556,1711111111,1466666667,5044444444,3033333333,152173913,2922222222,1911111111,2366666667,1738888889,3344444444,4369565217,4566666667,1877777778,1.2,2477777778,4088888889,4233333333,2322222222,1922222222,2525862069,6355555556,4911111111,2111111111,1011111111,2.9,3033333333,1388888889,470212766,4.8,5244444444,0.883333333,2266666667,5155555556,1077777778,1.1,1988888889,0.972222222,0.988888889,0.755555556,3627777778,1638888889,0,2016666667,1944444444,1366666667,1588888889,0.855555556,6355555556,0.855555556,2533333333,2044444444,2138888889,3655555556,1544444444,1022222222,2344444444,1883333333,4.25,1144444444,1611111111,2772222222,4822222222,1511111111,1677777778,1733333333,4077777778,2661111111,4427777778,1977777778,1744444444,1633333333
2758,36125,1892857143,47125,18875,262804878,49875,2488372093,2012195122,50625,2375,1325,4975,2.3,2260869565,2.15,1951219512,1761363636,2343023256,2722222222,352173913,4575,2095238095,159375,1.8,41875,410625,224375,2183333333,3073275862,63625,49875,22375,2255555556,1952380952,2277777778,2166666667,4244680851,46625,5.15,1636363636,18125,50625,1936046512,2011627907,2633333333,1827380952,2039772727,2113636364,2493902439,1851190476,2016666667,0,2110465116,2597560976,2052325581,2011627907,6.35,2409090909,2707317073,1.8,2255555556,3,1965116279,2177777778,2523255814,2325,39625,2122222222,1857142857,218125,464375,1.5,1853658537,2,38625,2232142857,426875,2204545455,1613636364,2696428571
2991,3604651163,2093023256,4953488372,223255814,3395348837,4965116279,1813953488,2372093023,4988372093,0.568181818,2552325581,5162790698,3023255814,2923913043,3,2709302326,1244318182,0.453488372,2288888889,3.25,4569767442,2976744186,2029069767,2906976744,4162790698,4011627907,2168604651,0.577777778,3181034483,6360465116,4965116279,0.88372093,1466666667,1593023256,2,2822222222,4356382979,4581395349,5348837209,2130681818,2610465116,4988372093,176744186,2046511628,3333333333,1790697674,1829545455,1954545455,2238372093,2860465116,1944444444,2110465116,0,1197674419,1418604651,188372093,6372093023,1.5,3569767442,261627907,1022222222,3627906977,2674418605,1722222222,1558139535,0.744186047,4319767442,2411111111,2697674419,1441860465,4808139535,2.25,2412790698,0.808139535,4127906977,1337209302,4197674419,0.772727273,2034090909,1139534884
3016,356097561,1178571429,5,112195122,3170731707,4756097561,276744186,1487804878,5036585366,0.954545455,2036585366,5182926829,3085365854,2836956522,2963414634,206097561,2147727273,0.895348837,3.2,4206521739,443902439,2678571429,1073170732,2585365854,3804878049,3963414634,1743902439,1466666667,3086206897,6341463415,4756097561,0.853658537,1288888889,2488095238,2955555556,2755555556,4893617021,4585365854,5402439024,1715909091,1890243902,5036585366,1604651163,1348837209,3177777778,1154761905,1715909091,1261363636,2951219512,2404761905,1366666667,2597560976,1197674419,0,1558139535,1139534884,637804878,0.625,3256097561,1817073171,1555555556,3756097561,2581395349,1344444444,2023255814,0.695121951,4414634146,1777777778,2488095238,1768292683,4829268293,1731707317,1841463415,1083333333,4170731707,1904761905,4280487805,1215909091,2284090909,0.511904762
3103,3860465116,1953488372,4860465116,2162790698,3372093023,4988372093,2348837209,2418604651,5005813953,1409090909,2406976744,5069767442,3465116279,2858695652,3395348837,2779069767,15625,1081395349,2888888889,3402173913,463372093,2906976744,1872093023,311627907,4255813953,4151162791,2534883721,1466666667,3271551724,6360465116,4988372093,176744186,1011111111,2302325581,2266666667,2755555556,3936170213,4651162791,5255813953,1789772727,2930232558,5005813953,188372093,1976744186,3311111111,1674418605,1943181818,1795454545,2494186047,2674418605,1588888889,2052325581,1418604651,1558139535,0,1720930233,6360465116,1431818182,3546511628,2546511628,1527777778,411627907,2604651163,1477777778,223255814,1569767442,4238372093,2366666667,2627906977,1395348837,4703488372,2337209302,2534883721,1476744186,4093023256,1424418605,436627907,1431818182,2289772727,1639534884
3209,4441860465,0.325581395,5069767442,0.906976744,2453488372,4837209302,3558139535,0.88372093,5104651163,1659090909,1.5,5244186047,3244186047,1836956522,3127906977,1430232558,2829545455,161627907,3955555556,4989130435,4534883721,1837209302,0.534883721,2662790698,3930232558,4081395349,2337209302,2155555556,2913793103,6348837209,4837209302,1953488372,1088888889,338372093,3711111111,1733333333,5276595745,4674418605,5453488372,0.647727273,1965116279,5104651163,0.488372093,0.255813953,2.2,0.302325581,0.625,0.147727273,3930232558,1558139535,0.855555556,2011627907,188372093,1139534884,1720930233,0,638372093,0.693181818,2569767442,2034883721,2244444444,388372093,1511627907,1077777778,2813953488,1802325581,4697674419,0.733333333,161627907,2825581395,4906976744,1302325581,1197674419,1988372093,4279069767,2813953488,438372093,1920454545,1375,1418604651
3240,6238095238,6369047619,5958333333,6364864865,6365853659,6045454545,6372093023,6341463415,5.95,6375,63375,5909090909,6267857143,6358695652,6275862069,6341463415,6363636364,6372093023,6377777778,6358695652,6107142857,6345238095,6.35,6303030303,6205882353,6176470588,6318181818,6377777778,6396551724,1.5,6045454545,6375,6388888889,6345238095,6355555556,6355555556,6382978723,6076923077,5777777778,6363636364,6318181818,5.95,6372093023,6360465116,6355555556,6369047619,6375,6386363636,6353658537,6357142857,6355555556,6.35,6372093023,637804878,6360465116,638372093,0,6386363636,6365853659,63125,6377777778,6303571429,6348837209,6377777778,6348837209,63625,6175,6366666667,6345238095,6333333333,6,6346153846,6341463415,6357142857,6138888889,6357142857,615625,6386363636,6352272727,6369047619
3253,3852272727,0.920454545,5102272727,1034090909,2943181818,4875,2988636364,1375,5136363636,0.965909091,1886363636,5272727273,3318181818,2336956522,3204545455,1909090909,2238636364,1090909091,3311111111,4380434783,4579545455,2397727273,0.988636364,2.75,3988636364,4136363636,2068181818,1477777778,2810344828,6352272727,4875,1420454545,0.988888889,2818181818,3066666667,2244444444,4978723404,4715909091,5477272727,1159090909,2068181818,5136363636,1170454545,0.943181818,2733333333,0.897727273,1125,0.636363636,3352272727,2125,0.855555556,2409090909,1.5,0.625,1431818182,0.693181818,6386363636,0,3022727273,2136363636,1566666667,3943181818,2170454545,0.988888889,2.25,1272727273,4556818182,1233333333,2193181818,2272727273,4943181818,1602272727,1704545455,1454545455,4329545455,2261363636,4431818182,1227272727,1965909091,0.897727273
3468,4743902439,2321428571,4914634146,2768292683,0.304878049,5353658537,3430232558,1768292683,5365853659,3965909091,1426829268,4987804878,2743902439,1630434783,2609756098,1365853659,3840909091,3651162791,2588888889,3434782609,4902439024,0.857142857,243902439,2073170732,4719512195,456097561,3097560976,3.9,2974137931,6341463415,5353658537,3829268293,3455555556,2880952381,3566666667,1522222222,3691489362,4987804878,5292682927,2272727273,2780487805,5365853659,2127906977,2360465116,0.966666667,2321428571,2227272727,2659090909,4548780488,1095238095,2533333333,2707317073,3569767442,3256097561,3546511628,2569767442,6365853659,3022727273,0,2865853659,4344444444,206097561,1290697674,2911111111,2406976744,3597560976,4048780488,2.3,1166666667,4.5,506097561,1841463415,1585365854,3166666667,412195122,3535714286,4585365854,4.25,1977272727,3.25
3500,37734375,1988095238,4265625,1310810811,2902439024,4265625,3790697674,1987804878,4625,2630681818,1725,459375,1625,2684782609,146875,2256097561,2965909091,236627907,3844444444,4641304348,38125,2297619048,166875,1181818182,3078125,32578125,1128787879,2855555556,3189655172,6296875,4265625,24125,2544444444,3178571429,3611111111,2.6,4989361702,4046875,48125,1863636364,1151515152,4625,211627907,2139534884,2822222222,1851190476,2215909091,2136363636,4054878049,2160714286,2044444444,1.8,261627907,1817073171,2546511628,2034883721,63125,2136363636,2865853659,0,3161111111,2484375,2418604651,2.5,2697674419,2125,3578125,2411111111,2321428571,3044871795,4140625,166025641,2243902439,2095238095,3109375,3089285714,36640625,2909090909,2397727273,2101190476
3630,3733333333,2466666667,5044444444,2577777778,4266666667,4911111111,1555555556,2.8,5077777778,0.733333333,3277777778,5211111111,3844444444,3532608696,3822222222,3344444444,0.833333333,0.988888889,1955555556,2902173913,4622222222,3733333333,2533333333,3733333333,4077777778,4166666667,2827777778,0.444444444,3474137931,6355555556,4911111111,1177777778,1244444444,1844444444,1533333333,3466666667,4255319149,4666666667,5411111111,2683333333,3127777778,5077777778,2533333333,2488888889,3977777778,2444444444,2488888889,2188888889,1944444444,3505555556,2138888889,2255555556,1022222222,1555555556,1527777778,2244444444,6377777778,1566666667,4344444444,3161111111,0,4444444444,3511111111,1788888889,2266666667,1388888889,4511111111,2622222222,3533333333,1.5,4905555556,2994444444,3055555556,1433333333,4288888889,1672222222,4388888889,0.455555556,2.6,1.6
3646,4053571429,3642857143,4196428571,3459459459,206097561,4928571429,3918604651,3146341463,4892857143,4022727273,2.85,4303571429,1,3152173913,1189655172,262195122,4011363636,3802325581,3055555556,4065217391,4.25,2571428571,36125,1833333333,4053571429,3821428571,2560606061,4,3879310345,6357142857,4928571429,3.95,4133333333,330952381,3877777778,3077777778,414893617,4410714286,4732142857,3454545455,2515151515,4892857143,3569767442,3627906977,2522222222,3666666667,3636363636,3943181818,4853658537,269047619,3655555556,3,3627906977,3756097561,411627907,388372093,6303571429,3943181818,206097561,2484375,4444444444,0,2918604651,3722222222,2918604651,36375,2910714286,3511111111,2833333333,4461538462,4446428571,2974358974,287804878,3273809524,3142857143,3904761905,3.75,4318181818,3181818182,3785714286
3715,4581395349,1453488372,4720930233,2209302326,1255813953,5220930233,2697674419,1162790698,5220930233,3045454545,0.813953488,5,226744186,0.423913043,211627907,0.872093023,2863636364,2779069767,2.6,3576086957,4802325581,0.453488372,176744186,1511627907,4534883721,438372093,2593023256,3066666667,250862069,638372093,5220930233,3151162791,2533333333,1918604651,2555555556,0.288888889,4053191489,4860465116,5139534884,1113636364,2255813953,5220930233,1023255814,1255813953,0.822222222,1476744186,1125,1613636364,3686046512,0.802325581,1544444444,1965116279,2674418605,2581395349,2604651163,1511627907,6348837209,2170454545,1290697674,2418604651,3511111111,2918604651,0,2211111111,1302325581,2930232558,4005813953,1233333333,0.151162791,3744186047,488372093,1279069767,0.837209302,2395348837,3918604651,2686046512,4476744186,3340909091,0.943181818,2395348837
3718,4144444444,1255555556,5077777778,1644444444,2833333333,4911111111,3011111111,1544444444,5166666667,1.4,2177777778,5244444444,3333333333,2173913043,3222222222,2044444444,2377777778,1377777778,3233333333,4108695652,4622222222,2255555556,1466666667,2877777778,4044444444,4188888889,2377777778,1.7,2698275862,6355555556,4911111111,1533333333,0.544444444,2844444444,3.1,2077777778,4478723404,4755555556,5444444444,1444444444,2355555556,5166666667,1455555556,1211111111,2366666667,1311111111,1366666667,0.988888889,3444444444,2322222222,1022222222,2177777778,1722222222,1344444444,1477777778,1077777778,6377777778,0.988888889,2911111111,2.5,1788888889,3722222222,2211111111,0,2588888889,1477777778,4.5,1166666667,2277777778,2366666667,4977777778,1944444444,1844444444,1855555556,4377777778,2377777778,4311111111,1566666667,1644444444,1622222222
3804,3837209302,2662790698,4720930233,2953488372,2372093023,5220930233,1395348837,2279069767,5220930233,1772727273,1837209302,5,226744186,1641304348,211627907,1988372093,1636363636,1476744186,1355555556,2358695652,4802325581,1662790698,2790697674,188372093,4534883721,438372093,2220930233,1822222222,2689655172,638372093,5220930233,1848837209,2533333333,0.61627907,1311111111,1533333333,3457446809,4860465116,5139534884,2386363636,2627906977,5220930233,2325581395,2558139535,2066666667,2686046512,2397727273,2886363636,238372093,2011627907,2344444444,2523255814,1558139535,2023255814,223255814,2813953488,6348837209,2.25,2406976744,2697674419,2266666667,2918604651,1302325581,2588888889,0,1720930233,3819767442,2477777778,1360465116,2441860465,488372093,2209302326,1953488372,1093023256,3918604651,138372093,4476744186,2068181818,2215909091,1558139535
3899,33375,1845238095,48375,16375,3512195122,47125,2279069767,2146341463,4875,0.761363636,2275,50625,29625,3163043478,29375,2597560976,1761363636,0.534883721,2733333333,372826087,4325,3011904762,150625,28375,37625,3.75,168125,1033333333,3318965517,63375,47125,0.4625,1522222222,1988095238,2488888889,3088888889,4606382979,43875,52625,2136363636,2425,4875,1976744186,2,3488888889,1547619048,2079545455,1909090909,2463414634,2821428571,1883333333,2325,0.744186047,0.695121951,1569767442,1802325581,63625,1272727273,3597560976,2125,1388888889,36375,2930232558,1477777778,1720930233,0,42125,2388888889,2845238095,1.25,468125,19625,243902439,0.761904762,39625,1464285714,4125,1045454545,2465909091,0.892857143
3913,2261904762,4476190476,2675,4405405405,4048780488,3.75,4145348837,4,3.75,4539772727,391875,3225,2669642857,4168478261,2801724138,387804878,4147727273,4337209302,4177777778,4081521739,2825,3827380952,4475,3.25,2625,2.3,3431818182,4427777778,4413793103,6.25,3.75,43125,4.6,3755952381,3938888889,4116666667,4425531915,2975,3575,4284090909,3560606061,3.75,4470930233,4447674419,4005555556,4.5,4517045455,4738636364,4524390244,4089285714,4.25,39625,4319767442,4414634146,4238372093,4697674419,6175,4556818182,4048780488,3578125,4511111111,2910714286,4005813953,4.5,3819767442,42125,0,4333333333,3946428571,4224358974,3025,4,3884146341,4083333333,1.55,4166666667,21875,4556818182,40625,4273809524
3952,4466666667,0.772222222,4888888889,1466666667,2144444444,4911111111,3.2,0.955555556,5166666667,2166666667,1233333333,5.1,2.9,1141304348,2788888889,1166666667,2966666667,2277777778,3422222222,4510869565,4622222222,1555555556,1.2,2344444444,4044444444,4188888889,2366666667,2.5,2659482759,6355555556,4911111111,2383333333,1377777778,3033333333,3177777778,1022222222,4808510638,4755555556,5.3,0.833333333,1788888889,5166666667,0.866666667,0.588888889,1533333333,1,0.738888889,0.611111111,3555555556,1316666667,1144444444,2122222222,2411111111,1777777778,2366666667,0.733333333,6366666667,1233333333,2.3,2411111111,2622222222,3511111111,1233333333,1166666667,2477777778,2388888889,4333333333,0,1344444444,3355555556,4.85,1088888889,0.966666667,2.5,4111111111,2488888889,4411111111,2411111111,1138888889,1777777778
3954,4535714286,1333333333,4678571429,2107142857,1130952381,519047619,2755813953,1035714286,519047619,3068181818,0.678571429,4964285714,2166666667,0.565217391,2011904762,0.738095238,2897727273,2802325581,2655555556,3608695652,4761904762,0.30952381,1654761905,1392857143,4488095238,4333333333,2.5,3088888889,2534482759,6380952381,519047619,3071428571,2.6,180952381,2.6,0.433333333,4085106383,4821428571,5107142857,1227272727,2154761905,519047619,1127906977,1360465116,0.944444444,1357142857,1.25,1727272727,3619047619,0.666666667,1611111111,1857142857,2697674419,2488095238,2627906977,161627907,6345238095,2193181818,1166666667,2321428571,3533333333,2833333333,0.151162791,2277777778,1360465116,2845238095,3946428571,1344444444,0,3678571429,4845238095,1154761905,0.702380952,2297619048,3857142857,2595238095,4428571429,3363636364,0.977272727,2297619048
4020,3512820513,2892857143,4756410256,258974359,456097561,4833333333,2209302326,3195121951,4987179487,1340909091,320625,5025641026,3743589744,3923913043,3717948718,3329268293,16875,1372093023,2733333333,2989130435,4384615385,3892857143,24625,3615384615,4128205128,4141025641,2788461538,1533333333,3922413793,6333333333,4833333333,11625,2.1,205952381,2.2,3866666667,3984042553,458974359,5102564103,3005681818,3333333333,4987179487,311627907,3023255814,4311111111,2726190476,3193181818,2909090909,1798780488,3672619048,2772222222,218125,1441860465,1768292683,1395348837,2825581395,6333333333,2272727273,4.5,3044871795,1.5,4461538462,3744186047,2366666667,2441860465,1.25,4224358974,3355555556,3678571429,0,4653846154,3076923077,3341463415,1601190476,4153846154,144047619,4435897436,1363636364,2988636364,1880952381
4100,3035714286,4767857143,0.75,4648648649,5006097561,1.25,4808139535,4731707317,1395833333,4931818182,464375,1583333333,4017857143,4989130435,4103448276,4756097561,4778409091,4808139535,5222222222,4989130435,1535714286,4845238095,470625,4393939394,2470588235,2220588235,4.25,4883333333,5163793103,6,1.25,47875,4977777778,4845238095,4955555556,4955555556,5356382979,0.903846154,2083333333,4738636364,4.25,1395833333,4808139535,4808139535,4955555556,4767857143,4846590909,4943181818,4786585366,4732142857,4822222222,464375,4808139535,4829268293,4703488372,4906976744,6,4943181818,506097561,4140625,4905555556,4446428571,488372093,4977777778,488372093,468125,3025,4.85,4845238095,4653846154,0,458974359,4676829268,4708333333,2416666667,4767857143,196875,4943181818,4818181818,4827380952
4104,3987179487,1107142857,4653846154,1051282051,1756097561,4794871795,2953488372,0.829268293,4833333333,2545454545,0.51875,491025641,2256410256,1619565217,2115384615,0.914634146,2948863636,2203488372,3377777778,4336956522,4358974359,1297619048,0.9625,1551282051,3871794872,3705128205,1608974359,2566666667,2689655172,6333333333,4794871795,225625,2155555556,2678571429,3133333333,1511111111,4659574468,4333333333,5115384615,1426136364,1256410256,4833333333,101744186,1180232558,1888888889,1023809524,1142045455,1420454545,3195121951,1160714286,1511111111,1.5,2.25,1731707317,2337209302,1302325581,6346153846,1602272727,1841463415,166025641,2994444444,2974358974,1279069767,1944444444,2209302326,19625,4,1088888889,1154761905,3076923077,458974359,0,0.81097561,2095238095,3737179487,2125,3974358974,2829545455,1198863636,1898809524
4148,4182926829,0.892857143,4597560976,1451219512,1408536585,4780487805,2837209302,0.5,493902439,2579545455,0.93902439,4853658537,2195121951,1206521739,206097561,0.420731707,3017045455,2523255814,3211111111,4141304348,4432926829,0.964285714,1048780488,1536585366,393902439,3987804878,2170731707,2822222222,2646551724,6341463415,4780487805,243902439,2166666667,2416666667,3155555556,1088888889,460106383,4536585366,5073170732,1295454545,1548780488,493902439,0.947674419,0.941860465,1577777778,1148809524,1073863636,1318181818,3457317073,1.25,1677777778,1853658537,2412790698,1841463415,2534883721,1197674419,6341463415,1704545455,1585365854,2243902439,3055555556,287804878,0.837209302,1844444444,1953488372,243902439,3884146341,0.966666667,0.702380952,3341463415,4676829268,0.81097561,0,2452380952,3792682927,2511904762,4073170732,2863636364,0.909090909,1779761905
4254,3678571429,205952381,4797619048,2178571429,3202380952,4964285714,2093023256,2202380952,5107142857,0.948863636,1976190476,5047619048,2630952381,2663043478,2607142857,2523809524,1267045455,0.691860465,2222222222,327173913,4571428571,2511904762,1970238095,2511904762,4154761905,4095238095,1970238095,1094444444,2905172414,6345238095,4964285714,1011904762,1.7,144047619,1977777778,2577777778,4191489362,4678571429,5214285714,1931818182,2511904762,5107142857,2063953488,2203488372,3022222222,1803571429,2164772727,2090909091,2285714286,2255952381,1733333333,2,0.808139535,1083333333,1476744186,1988372093,6357142857,1454545455,3166666667,2095238095,1433333333,3273809524,2395348837,1855555556,1093023256,0.761904762,4083333333,2.5,2297619048,1601190476,4708333333,2095238095,2452380952,0,3916666667,1232142857,4375,1227272727,2664772727,1113095238
4258,2.5,4047619048,2.25,3918918919,4207317073,3222222222,426744186,3695121951,3222222222,4363636364,36625,2916666667,2535714286,4086956522,2672413793,3792682927,4068181818,4104651163,4366666667,452173913,2222222222,380952381,4075,3136363636,1472222222,1111111111,3318181818,4188888889,4629310345,6166666667,3222222222,41125,4377777778,3857142857,4033333333,4033333333,5058510638,2.25,3.25,4034090909,3318181818,3222222222,4081395349,4058139535,3988888889,4071428571,4136363636,4329545455,4719512195,394047619,4077777778,38625,4127906977,4170731707,4093023256,4279069767,6138888889,4329545455,412195122,3109375,4288888889,3142857143,3918604651,4377777778,3918604651,39625,1.55,4111111111,3857142857,4153846154,2416666667,3737179487,3792682927,3916666667,0,419047619,1777777778,4375,3977272727,4226190476
4318,3446428571,2636904762,4892857143,2904761905,3404761905,4928571429,1174418605,2547619048,4952380952,1659090909,2327380952,5107142857,3261904762,2934782609,3214285714,2654761905,1.5,1209302326,1988888889,2.5,4523809524,280952381,2851190476,3023809524,4142857143,3988095238,2285714286,1527777778,3232758621,6357142857,4928571429,1505952381,2088888889,1261904762,1455555556,2855555556,345212766,4488095238,5297619048,2857954545,2714285714,4952380952,2.5,2662790698,3.3,2571428571,2590909091,2897727273,1160714286,2630952381,2661111111,2232142857,1337209302,1904761905,1424418605,2813953488,6357142857,2261363636,3535714286,3089285714,1672222222,3904761905,2686046512,2377777778,138372093,1464285714,4166666667,2488888889,2595238095,144047619,4767857143,2125,2511904762,1232142857,419047619,0,4202380952,1670454545,25625,1619047619
4368,2261904762,4178571429,23125,4040540541,437804878,23125,4151162791,4170731707,24375,4420454545,426875,284375,3392857143,4608695652,3.5,4182926829,4471590909,4255813953,4788888889,4739130435,1.5,4357142857,42125,3863636364,1147058824,0.882352941,3545454545,4344444444,4827586207,609375,23125,4225,4477777778,4428571429,4566666667,4544444444,5276595745,140625,340625,4318181818,3575757576,24375,4244186047,4209302326,4.5,4226190476,4295454545,4431818182,4634146341,4357142857,4427777778,426875,4197674419,4280487805,436627907,438372093,615625,4431818182,4585365854,36640625,4388888889,3.75,4476744186,4311111111,4476744186,4125,21875,4411111111,4428571429,4435897436,196875,3974358974,4073170732,4375,1777777778,4202380952,0,4431818182,4227272727,4285714286
4394,3806818182,2147727273,5102272727,2261363636,4090909091,4875,1852272727,2602272727,5136363636,0.295454545,3113636364,5272727273,3681818182,3456521739,3659090909,3102272727,1034090909,0.681818182,2.2,3239130435,4590909091,3625,2125,3568181818,4034090909,4181818182,2568181818,0.411111111,3396551724,6352272727,4875,0.829545455,1033333333,1727272727,1.9,3366666667,4436170213,4761363636,5477272727,2318181818,2886363636,5136363636,2397727273,2170454545,3933333333,2125,2352272727,1863636364,2170454545,3352272727,1977777778,2204545455,0.772727273,1215909091,1431818182,1920454545,6386363636,1227272727,4.25,2909090909,0.455555556,4318181818,3340909091,1566666667,2068181818,1045454545,4556818182,2411111111,3363636364,1363636364,4943181818,2829545455,2863636364,1227272727,4375,1670454545,4431818182,0,2409090909,1170454545
4412,3875,1.25,4738636364,1852272727,1806818182,5,2556818182,1306818182,5022727273,2477272727,1193181818,4988636364,2545454545,1152173913,2420454545,1090909091,2318181818,2409090909,2722222222,3717391304,4568181818,1272727273,1505681818,1920454545,4215909091,4068181818,2340909091,2155555556,2775862069,6363636364,5,2318181818,1933333333,2159090909,2688888889,1033333333,4361702128,4625,5170454545,1102272727,2017045455,5022727273,0.897727273,1125,1588888889,1272727273,0.840909091,1329545455,3267045455,1482954545,1744444444,1613636364,2034090909,2284090909,2289772727,1375,6352272727,1965909091,1977272727,2397727273,2.6,3181818182,0.943181818,1644444444,2215909091,2465909091,40625,1138888889,0.977272727,2988636364,4818181818,1198863636,0.909090909,2664772727,3977272727,25625,4227272727,2409090909,0,2170454545
4514,3464285714,1238095238,4988095238,1488095238,305952381,4797619048,2360465116,1845238095,5023809524,0.897727273,2178571429,5178571429,3119047619,2663043478,3,2023809524,1846590909,0.918604651,2811111111,3793478261,4488095238,2571428571,1410714286,2642857143,3916666667,405952381,1827380952,1488888889,2948275862,6345238095,4797619048,0.94047619,1466666667,2011904762,2644444444,2555555556,4632978723,4630952381,5380952381,1721590909,2017857143,5023809524,1604651163,1406976744,3077777778,1476190476,1715909091,1534090909,2720238095,243452381,1633333333,2696428571,1139534884,0.511904762,1639534884,1418604651,6369047619,0.897727273,3.25,2101190476,1.6,3785714286,2395348837,1622222222,1558139535,0.892857143,4273809524,1777777778,2297619048,1880952381,4827380952,1898809524,1779761905,1113095238,4226190476,1619047619,4285714286,1170454545,2170454545,0
